cell	chr	start_bp	end_bp	log2R_dev	kind
13603-02	5	140000000	175000000	-1.4638	loss
13603-17	6	1000000	7000000	-1.1113	loss
13603-17	6	24000000	34000000	-1.1695	loss
13603-17	6	43000000	163000000	-1.0776	loss
13603-17	12	2000000	33000000	-1.0068	loss
13603-17	19	35000000	45000000	-1.0339	loss
13603-17	19	51000000	59000000	-0.9435	loss
13603-17	20	4000000	56000000	-0.9702	loss
13603-17	21	35000000	43000000	-1.2481	loss
13603-21	2	1000000	241000000	-1.6533	loss
13603-21	14	20000000	102000000	-1.6370	loss
13603-21	18	0	78000000	-1.7878	loss
13603-24	1	5000000	16000000	-1.2174	loss
13603-24	1	18000000	56000000	-1.1811	loss
13603-24	1	158000000	246000000	-1.1885	loss
13603-24	3	1000000	11000000	-1.1694	loss
13603-24	6	24000000	163000000	-1.2077	loss
13603-24	7	4000000	33000000	-1.1979	loss
13603-24	7	151000000	156000000	-1.1249	loss
13603-24	8	2000000	140000000	-1.1670	loss
13603-24	11	121000000	125000000	1.0989	gain
13603-24	12	0	114000000	-1.1373	loss
13603-24	12	124000000	132000000	-1.1503	loss
13603-24	14	20000000	23000000	-1.2735	loss
13603-24	14	24000000	74000000	-1.1790	loss
13603-24	14	77000000	96000000	-1.1790	loss
13603-24	18	0	73000000	-1.1473	loss
13603-24	20	0	59000000	-1.2270	loss
13603-24	21	35000000	44000000	-1.1444	loss
13603-25	1	237000000	245000000	-1.1710	loss
13603-25	6	151000000	163000000	-1.4299	loss
13603-25	15	93000000	100000000	-1.4682	loss
13603-25	16	77000000	80000000	-1.1161	loss
13603-25	21	33000000	48000000	-1.8194	loss
13604-02	16	77000000	80000000	-1.3160	loss
13604-02	16	82000000	85000000	-1.1883	loss
13605-15	1	5000000	16000000	-1.3843	loss
13605-15	1	18000000	246000000	-1.3745	loss
13605-15	6	1000000	7000000	-1.4052	loss
13605-15	6	24000000	167000000	-1.4106	loss
13605-15	7	4000000	33000000	-1.3600	loss
13605-15	7	100000000	150000000	-1.2582	loss
13605-15	7	151000000	156000000	-1.3970	loss
13605-15	8	1000000	140000000	-1.3797	loss
13605-15	22	17000000	38000000	-1.2524	loss
13605-16	1	4000000	246000000	-1.6726	loss
13605-16	6	1000000	169000000	-1.7176	loss
13605-16	7	2000000	33000000	-1.6840	loss
13605-16	7	100000000	150000000	-1.5527	loss
13605-16	7	151000000	158000000	-1.5910	loss
13605-16	8	1000000	140000000	-1.7499	loss
13605-16	22	17000000	50000000	-1.5406	loss
13605-18	22	48000000	51000000	3.6321	gain
13605-21	3	1000000	196000000	-1.9909	loss
13605-21	17	0	81000000	-1.8830	loss
13605-21	18	0	78000000	-2.0196	loss
13605-21	21	33000000	48000000	-1.7942	loss
13605-22	3	1000000	196000000	-1.9593	loss
13605-22	17	0	37000000	-2.0304	loss
13605-22	18	0	78000000	-1.9440	loss
13605-22	21	33000000	48000000	-1.9112	loss
13605-23	2	1000000	48000000	1.5960	gain
13605-23	4	25000000	190000000	1.2781	gain
13605-23	5	1000000	180000000	1.4977	gain
13605-23	6	1000000	7000000	1.2359	gain
13605-23	6	24000000	167000000	1.2199	gain
13605-23	7	1000000	158000000	1.8194	gain
13605-23	8	1000000	145000000	1.6079	gain
13605-23	17	0	37000000	1.4911	gain
13605-23	21	33000000	48000000	1.7855	gain
13605-23	22	17000000	38000000	1.1717	gain
13605-23	22	44000000	47000000	1.2320	gain
13605-24	1	1000000	246000000	2.2747	gain
13605-25	3	1000000	10000000	1.1278	gain
13605-25	6	25000000	31000000	-0.9806	loss
13605-25	8	3000000	11000000	1.1380	gain
13605-25	9	0	28000000	1.3964	gain
13605-25	9	78000000	133000000	1.3738	gain
13605-25	9	135000000	141000000	1.2544	gain
13605-25	10	12000000	16000000	-0.9617	loss
13605-25	11	121000000	125000000	-0.9478	loss
13605-25	12	2000000	5000000	-0.9466	loss
13605-25	13	22000000	26000000	1.1137	gain
13605-25	13	103000000	112000000	1.0803	gain
13605-25	14	20000000	23000000	1.0608	gain
13605-25	15	33000000	102000000	1.3381	gain
13605-25	16	3000000	85000000	1.2534	gain
13605-25	16	86000000	90000000	1.2633	gain
13605-25	17	0	7000000	1.2490	gain
13605-25	17	8000000	40000000	1.2624	gain
13605-25	17	43000000	73000000	1.3183	gain
13605-25	17	74000000	77000000	1.2988	gain
13605-25	17	78000000	81000000	1.2235	gain
13605-25	18	0	78000000	1.5241	gain
13605-25	22	17000000	47000000	1.2376	gain
13605-26	2	1000000	48000000	-1.3221	loss
13605-26	2	71000000	241000000	-1.5431	loss
13605-26	12	0	132000000	-1.5340	loss
13605-26	13	22000000	26000000	-1.5338	loss
13605-26	13	103000000	112000000	-1.5727	loss
13605-26	15	33000000	102000000	-1.5542	loss
13605-26	16	3000000	58000000	-1.6348	loss
13605-26	16	75000000	85000000	-1.5903	loss
13605-26	17	0	40000000	-1.5365	loss
13605-26	17	42000000	73000000	-1.4860	loss
13605-26	18	0	77000000	-1.5706	loss
13605-26	21	33000000	45000000	-1.5597	loss
13605-27	7	1000000	33000000	-2.1019	loss
13605-27	7	100000000	158000000	-1.9366	loss
13605-31	1	4000000	246000000	-1.7881	loss
13605-31	12	0	132000000	-1.8118	loss
13605-31	16	3000000	88000000	-1.7726	loss
13605-32	1	236000000	245000000	1.2056	gain
13605-32	2	1000000	48000000	-1.2545	loss
13605-32	2	71000000	241000000	-1.4249	loss
13605-32	3	1000000	15000000	-1.3493	loss
13605-32	3	169000000	196000000	-1.4150	loss
13605-32	6	1000000	7000000	-1.4434	loss
13605-32	6	24000000	169000000	-1.3745	loss
13605-32	7	4000000	33000000	-1.3458	loss
13605-32	7	100000000	150000000	-1.2906	loss
13605-32	7	151000000	158000000	-1.4079	loss
13605-32	8	1000000	140000000	-1.4044	loss
13605-32	11	4000000	13000000	-1.3357	loss
13605-32	13	22000000	26000000	-1.2548	loss
13605-32	13	103000000	112000000	-1.2943	loss
13605-32	16	77000000	80000000	1.0218	gain
13605-36	1	158000000	246000000	-1.4213	loss
13605-37	9	78000000	139000000	-1.9104	loss
13605-40	15	89000000	99000000	-0.8374	loss
13605-22	3	1000000	196000000	-1.9593	loss
13605-22	17	0	37000000	-2.0304	loss
13605-22	18	0	78000000	-1.9442	loss
13605-22	21	33000000	48000000	-1.9112	loss
13605-23	2	1000000	48000000	1.5955	gain
13605-23	4	25000000	190000000	1.2782	gain
13605-23	5	1000000	180000000	1.4980	gain
13605-23	6	1000000	7000000	1.2362	gain
13605-23	6	24000000	167000000	1.2132	gain
13605-23	7	1000000	158000000	1.8197	gain
13605-23	8	1000000	145000000	1.6078	gain
13605-23	17	0	37000000	1.4921	gain
13605-23	21	33000000	48000000	1.7862	gain
13605-23	22	17000000	38000000	1.1712	gain
13605-23	22	44000000	47000000	1.2323	gain
A1	13	22000000	25000000	-1.0150	loss
B2-13	1	158000000	168000000	1.1083	gain
B2-13	1	205000000	238000000	0.9398	gain
B2-13	1	241000000	246000000	1.1456	gain
B2-13	2	10000000	47000000	0.9372	gain
B2-13	3	3000000	6000000	-1.0495	loss
B2-13	6	25000000	33000000	-0.9903	loss
B2-13	7	8000000	33000000	1.1263	gain
B2-13	9	0	28000000	1.1461	gain
B2-13	11	4000000	13000000	1.5573	gain
B2-13	12	0	5000000	1.0524	gain
B2-13	12	128000000	131000000	1.0969	gain
B2-13	16	5000000	8000000	-1.0701	loss
B2-13	17	63000000	71000000	1.1534	gain
B2-13	18	0	7000000	-0.9561	loss
B2-13	19	51000000	59000000	-0.8901	loss
B2-13	20	58000000	61000000	1.1384	gain
B2-8	11	4000000	13000000	-2.0197	loss
B2-8	15	98000000	101000000	-1.7980	loss
B2-8	16	3000000	32000000	-2.0504	loss
B2-9	11	4000000	13000000	-1.8357	loss
B2-9	22	17000000	50000000	-1.5093	loss
C2-62	11	4000000	45000000	-2.0910	loss
C2-62	19	3000000	11000000	-1.5961	loss
C2-62	19	13000000	59000000	-1.8224	loss
E1-35	1	152000000	168000000	1.4496	gain
E1-35	2	10000000	48000000	1.3839	gain
E1-35	3	1000000	38000000	1.7891	gain
E1-35	3	169000000	196000000	1.5144	gain
E1-35	4	1000000	56000000	1.3211	gain
E1-35	5	1000000	32000000	1.7020	gain
E1-35	7	1000000	33000000	1.3933	gain
E1-35	14	20000000	23000000	1.5400	gain
E1-35	14	24000000	35000000	1.6305	gain
E1-35	15	33000000	102000000	1.5593	gain
E1-35	16	0	58000000	1.3302	gain
E1-35	16	75000000	90000000	1.3147	gain
E1-35	19	2000000	11000000	1.2847	gain
E1-35	19	35000000	59000000	1.2903	gain
E1-35	21	41000000	47000000	1.3154	gain
E1-36	3	1000000	15000000	-1.4608	loss
E1-36	4	5000000	8000000	-1.3121	loss
E1-36	5	2000000	180000000	-1.5016	loss
E1-36	9	0	136000000	-1.5383	loss
E1-36	11	117000000	135000000	-1.5457	loss
E1-36	13	103000000	112000000	-1.3548	loss
E1-36	18	0	77000000	-1.5172	loss
E1-36	19	4000000	11000000	-1.3675	loss
E1-36	19	13000000	16000000	-1.4926	loss
E1-36	19	35000000	59000000	-1.4883	loss
E1-36	21	33000000	44000000	-1.6152	loss
G1-45	9	135000000	139000000	-1.1324	loss
G1-45	17	42000000	65000000	-1.8003	loss
14625-15	22	43000000	51000000	-1.6659	loss
14746-03	11	4000000	13000000	-1.9014	loss
14746-03	11	108000000	135000000	-1.8098	loss
14746-04	4	1000000	6000000	1.2124	gain
14746-04	4	25000000	190000000	1.6118	gain
14746-04	7	1000000	5000000	1.1345	gain
14746-04	7	8000000	33000000	1.7851	gain
14746-04	7	100000000	150000000	1.0917	gain
14746-04	7	151000000	158000000	1.3008	gain
14746-04	8	2000000	140000000	1.5648	gain
14746-04	13	22000000	26000000	1.6467	gain
14746-04	13	103000000	112000000	1.6369	gain
14746-04	14	20000000	23000000	1.7252	gain
14746-04	14	24000000	106000000	1.2748	gain
14746-04	16	5000000	24000000	1.4028	gain
14746-04	16	57000000	89000000	1.2900	gain
14746-04	17	9000000	33000000	1.5951	gain
14746-04	17	43000000	71000000	1.2877	gain
14746-04	17	74000000	77000000	1.1712	gain
14746-04	19	51000000	59000000	0.9600	gain
14746-04	21	33000000	48000000	1.4449	gain
14746-04	22	17000000	38000000	1.1852	gain
14746-04	22	44000000	47000000	1.2320	gain
14746-05	7	2000000	33000000	-1.8557	loss
14746-05	7	100000000	150000000	-1.5850	loss
14746-05	7	151000000	158000000	-1.7327	loss
14746-06	21	33000000	48000000	-1.7270	loss
14746-08	13	22000000	25000000	-0.9743	loss
14746-09	7	1000000	33000000	-1.8789	loss
14746-09	7	100000000	150000000	-1.7227	loss
14746-09	7	151000000	158000000	-1.7814	loss
14746-10	1	34000000	156000000	-1.0631	loss
14746-10	1	158000000	168000000	-1.1745	loss
14746-10	1	203000000	246000000	-1.2845	loss
14746-19	11	4000000	13000000	-1.9315	loss
14746-28	2	1000000	241000000	-1.6190	loss
14746-28	8	1000000	143000000	-1.7000	loss
14746-28	15	33000000	102000000	-1.6250	loss
14746-28	22	17000000	50000000	-1.5477	loss
14746-29	1	236000000	246000000	1.1556	gain
14746-29	3	1000000	6000000	1.1349	gain
14746-29	6	24000000	152000000	-0.9736	loss
14746-29	8	17000000	22000000	1.0261	gain
14746-29	10	5000000	13000000	-0.9665	loss
14746-29	12	2000000	7000000	-1.0829	loss
14746-29	14	20000000	23000000	-1.1356	loss
14746-29	14	24000000	35000000	-1.1928	loss
14746-29	17	8000000	15000000	-1.0167	loss
14746-32	2	10000000	47000000	-1.2224	loss
14746-32	2	71000000	239000000	-1.3756	loss
14746-32	3	1000000	15000000	-1.3277	loss
14746-32	3	169000000	195000000	-1.4029	loss
14746-32	7	4000000	33000000	-1.3218	loss
14746-32	7	100000000	150000000	-1.2526	loss
14746-32	7	151000000	156000000	-1.2471	loss
14746-32	12	0	114000000	-1.3034	loss
14746-32	12	124000000	132000000	-1.2542	loss
14746-32	13	22000000	26000000	-1.2674	loss
14746-32	13	103000000	112000000	-1.2514	loss
14746-32	16	3000000	32000000	-1.3490	loss
14746-32	16	75000000	85000000	-1.3837	loss
14746-32	17	1000000	40000000	-1.3074	loss
14746-32	17	43000000	72000000	-1.2063	loss
14746-32	18	3000000	7000000	1.1120	gain
14746-32	18	10000000	73000000	1.0279	gain
14746-32	20	0	60000000	-1.2921	loss
14746-37	8	1000000	143000000	-1.7623	loss
14746-37	17	0	73000000	-1.6937	loss
14746-37	17	74000000	77000000	-1.5258	loss
14746-37	18	0	78000000	-1.7153	loss
14801-17	5	2000000	180000000	-1.7546	loss
14801-19	5	1000000	180000000	-1.6881	loss
14801-23	3	1000000	10000000	1.4673	gain
14801-23	3	13000000	196000000	1.4798	gain
14801-23	4	0	8000000	1.3508	gain
14801-23	4	25000000	190000000	1.4656	gain
14801-23	6	41000000	153000000	1.3174	gain
14801-23	8	1000000	145000000	1.8023	gain
14801-23	12	0	114000000	1.3303	gain
14801-23	12	124000000	132000000	1.5814	gain
14801-23	13	22000000	26000000	1.5328	gain
14801-23	13	103000000	114000000	1.3956	gain
14801-23	16	0	32000000	1.3991	gain
14801-23	16	57000000	90000000	1.3597	gain
14801-23	20	0	63000000	1.4220	gain
14801-23	21	35000000	48000000	1.4663	gain
14801-24	16	82000000	85000000	-1.1481	loss
14801-29	9	0	134000000	-1.7858	loss
14801-30	12	0	132000000	-1.6719	loss
14904-01	2	3000000	48000000	-1.4274	loss
14904-01	2	71000000	240000000	-1.5557	loss
14904-01	5	3000000	180000000	-1.5396	loss
14904-01	15	33000000	102000000	-1.5790	loss
14904-01	17	0	40000000	-1.5623	loss
14904-01	17	42000000	73000000	-1.4683	loss
14904-02	1	4000000	246000000	-1.2767	loss
14904-02	3	1000000	15000000	-1.2776	loss
14904-02	3	169000000	195000000	-1.3939	loss
14904-02	4	106000000	186000000	-1.2568	loss
14904-02	6	1000000	7000000	-1.2670	loss
14904-02	6	24000000	163000000	-1.3187	loss
14904-02	12	0	114000000	-1.3081	loss
14904-02	12	124000000	132000000	-1.3077	loss
14904-02	15	98000000	101000000	0.9850	gain
14904-02	18	0	75000000	-1.2542	loss
14904-02	20	0	60000000	-1.3612	loss
14904-03	1	5000000	16000000	-1.2956	loss
14904-03	1	18000000	156000000	-1.2059	loss
14904-03	1	158000000	246000000	-1.2489	loss
14904-03	3	1000000	10000000	-1.1461	loss
14904-03	3	169000000	195000000	-1.3079	loss
14904-03	4	106000000	186000000	-1.1880	loss
14904-03	6	1000000	7000000	-1.2814	loss
14904-03	6	24000000	163000000	-1.2404	loss
14904-03	12	0	114000000	-1.1927	loss
14904-03	12	124000000	132000000	-1.1856	loss
14904-03	18	0	73000000	-1.2181	loss
14904-03	20	0	60000000	-1.2649	loss
14904-05	2	1000000	48000000	-1.2835	loss
14904-05	2	71000000	239000000	-1.4207	loss
14904-05	5	3000000	180000000	-1.4423	loss
14904-05	15	33000000	102000000	-1.4530	loss
14904-05	17	0	40000000	-1.4211	loss
14904-05	17	42000000	73000000	-1.3791	loss
14904-08	8	4000000	12000000	-1.0250	loss
14904-08	11	4000000	45000000	-1.9916	loss
14904-13	1	18000000	23000000	-1.1099	loss
14904-13	1	34000000	156000000	-1.2075	loss
14904-13	1	158000000	168000000	-1.3475	loss
14904-13	1	203000000	246000000	-1.3401	loss
14904-13	3	1000000	10000000	-1.3199	loss
14904-13	3	169000000	195000000	-1.3717	loss
14904-13	10	1000000	16000000	-1.3047	loss
14904-13	10	50000000	73000000	-1.1845	loss
14904-13	10	78000000	132000000	-1.2700	loss
14904-13	13	22000000	26000000	-1.2679	loss
14904-13	13	103000000	112000000	-1.3000	loss
14904-13	15	33000000	102000000	-1.2748	loss
14904-13	16	5000000	32000000	-1.4167	loss
14904-13	16	75000000	85000000	-1.3373	loss
14904-13	19	5000000	11000000	-1.1475	loss
14904-13	19	13000000	16000000	-1.2543	loss
14904-13	19	35000000	45000000	-1.3101	loss
14904-13	19	46000000	59000000	-1.2139	loss
50402-03	1	158000000	168000000	-1.1394	loss
50402-03	1	203000000	238000000	-1.0261	loss
50402-03	1	241000000	246000000	-1.0379	loss
50402-03	2	10000000	47000000	0.9488	gain
50402-03	3	1000000	5000000	1.2928	gain
50402-03	6	24000000	152000000	-1.0949	loss
50402-03	8	2000000	7000000	1.0839	gain
50402-03	10	1000000	8000000	1.0038	gain
50402-03	12	2000000	7000000	-1.1703	loss
50402-03	12	53000000	114000000	-1.0160	loss
50402-03	14	20000000	23000000	-1.1742	loss
50402-03	14	24000000	35000000	-1.0899	loss
50402-03	14	77000000	96000000	-1.0551	loss
50402-03	15	33000000	99000000	-1.0598	loss
50402-03	16	5000000	32000000	-1.1553	loss
50402-03	16	77000000	85000000	-1.1547	loss
50402-03	17	10000000	30000000	1.1008	gain
50402-03	18	0	7000000	1.0181	gain
50402-04	1	11000000	18000000	-1.3586	loss
50402-04	1	236000000	245000000	-1.9457	loss
50402-04	19	44000000	49000000	-1.9933	loss
32477-14	21	33000000	48000000	-1.9171	loss
50765-03	7	4000000	33000000	-1.4647	loss
50765-03	7	100000000	150000000	-1.2632	loss
50765-03	7	151000000	156000000	-1.3701	loss
50765-03	8	2000000	140000000	-1.5371	loss
50765-03	9	0	133000000	-1.6059	loss
50765-03	10	1000000	16000000	-1.4782	loss
50765-03	10	50000000	73000000	-1.3074	loss
50765-03	10	78000000	132000000	-1.3993	loss
50765-03	11	4000000	13000000	-1.5894	loss
50765-03	11	108000000	135000000	-1.4822	loss
50765-03	12	0	114000000	-1.4494	loss
50765-03	12	124000000	132000000	-1.3205	loss
50765-03	13	103000000	112000000	-1.5400	loss
50765-03	15	33000000	102000000	-1.3759	loss
50765-03	19	5000000	11000000	-1.2043	loss
50765-03	19	13000000	16000000	-1.3111	loss
50765-03	19	35000000	59000000	-1.3758	loss
50765-03	20	0	60000000	-1.4297	loss
50765-04	11	4000000	13000000	-1.9719	loss
50765-04	11	108000000	135000000	-1.9179	loss
50765-04	14	20000000	102000000	-1.8215	loss
50765-04	19	4000000	9000000	-1.5530	loss
50765-04	20	0	61000000	-1.8123	loss
50765-04	22	17000000	50000000	-1.6145	loss
50765-05	5	1000000	180000000	-1.8850	loss
50765-05	15	33000000	102000000	-1.9636	loss
50765-05	16	3000000	88000000	-2.0154	loss
50402-11	3	1000000	196000000	-1.9218	loss
50402-11	7	1000000	33000000	-1.8301	loss
50402-11	7	100000000	150000000	-1.8321	loss
50402-11	7	151000000	158000000	-1.9237	loss
50402-11	13	22000000	26000000	-1.9017	loss
50402-11	13	103000000	114000000	-1.8867	loss
50402-18	1	158000000	162000000	-1.5056	loss
50402-18	3	1000000	4000000	-1.5214	loss
50402-18	6	28000000	32000000	-1.5096	loss
50402-18	12	124000000	129000000	-1.2952	loss
50402-18	14	20000000	23000000	-1.5617	loss
50402-18	14	94000000	102000000	-1.5829	loss
50402-18	16	56000000	80000000	-1.5265	loss
50402-18	19	13000000	16000000	-1.5281	loss
52461-10	13	22000000	26000000	-2.0572	loss
52461-10	13	103000000	114000000	-2.0573	loss
52461-10	19	3000000	11000000	-1.5332	loss
52461-10	19	13000000	18000000	-1.5815	loss
52461-10	19	35000000	59000000	-1.7512	loss
52461-12	1	1000000	246000000	1.4922	gain
52461-12	2	1000000	243000000	1.6186	gain
52461-12	9	0	141000000	1.5760	gain
52461-12	15	33000000	102000000	1.7840	gain
52461-12	19	0	11000000	1.4375	gain
52461-12	19	13000000	59000000	1.5667	gain
52461-14	4	3000000	26000000	-1.6384	loss
