array,tier,call_rate,background_het,window_markers,windows_scanned,windows_fired,false_positive_rate,max_depletion
A,diploid-control,0.9793,0.1724,600,2592,25,0.00965,0.903
A,diploid-control,0.9793,0.1724,900,1717,5,0.00291,0.826
A,diploid-control,0.9793,0.1724,1200,1280,3,0.00234,0.836
A,diploid-control,0.9793,0.1724,1500,1018,2,0.00196,0.695
A,diploid-control,0.9793,0.1724,1800,842,1,0.00119,0.652
A,diploid-control,0.9793,0.1724,2100,715,0,0.00000,0.544
A,diploid-control,0.9793,0.1724,2400,623,0,0.00000,0.504
B,diploid-control,0.9806,0.1696,600,2594,20,0.00771,0.882
B,diploid-control,0.9806,0.1696,900,1718,8,0.00466,0.856
B,diploid-control,0.9806,0.1696,1200,1281,5,0.00390,0.838
B,diploid-control,0.9806,0.1696,1500,1017,1,0.00098,0.658
B,diploid-control,0.9806,0.1696,1800,843,0,0.00000,0.636
B,diploid-control,0.9806,0.1696,2100,713,0,0.00000,0.565
B,diploid-control,0.9806,0.1696,2400,623,0,0.00000,0.499
C,near-diploid,0.8974,0.1498,600,2376,11,0.00463,0.811
C,near-diploid,0.8974,0.1498,1200,1171,1,0.00085,0.655
C,near-diploid,0.8974,0.1498,1500,930,0,0.00000,0.631
D,near-diploid,0.9026,0.1406,600,2393,10,0.00418,0.905
D,near-diploid,0.9026,0.1406,1200,1180,2,0.00169,0.686
D,near-diploid,0.9026,0.1406,1500,939,0,0.00000,0.640
E,amplified,0.8818,0.0610,600,2335,153,0.06552,0.945
E,amplified,0.8818,0.0610,1200,1151,26,0.02259,0.809
E,amplified,0.8818,0.0610,2400,557,0,0.00000,0.645
F,amplified,0.8740,0.0401,600,2312,228,0.09862,0.958
F,amplified,0.8740,0.0401,1200,1139,32,0.02809,0.875
F,amplified,0.8740,0.0401,2400,553,2,0.00362,0.699
F,amplified,0.8740,0.0401,4800,260,0,0.00000,0.631
G,amplified,0.9064,0.0871,600,2398,695,0.28982,1.000
G,amplified,0.9064,0.0871,1200,1184,318,0.26858,0.990
G,amplified,0.9064,0.0871,2400,576,136,0.23611,0.938
G,amplified,0.9064,0.0871,4800,271,47,0.17343,0.890
