array,chr,markers,nullShift
array01,22,1401,0.010153
array01,2,5747,-0.002350
array01,3,4419,-0.002283
array01,4,4363,-0.003876
array01,5,2982,-0.003811
array01,6,5638,-0.002871
array01,7,3925,-0.002580
array01,8,3914,-0.000202
array01,9,3639,0.003256
array01,10,3759,-0.005453
array01,11,3724,0.004474
array01,12,3398,-0.003540
array01,13,2499,-0.004058
array01,14,2393,-0.001769
array01,15,2474,-0.000210
array01,16,3321,0.007669
array01,17,596,0.034443
array01,18,2039,-0.001273
array01,19,2272,0.007414
array01,20,2271,0.006455
array01,21,1250,0.002119
array01,1,5494,0.001330
array02,22,1628,0.007029
array02,2,6615,-0.003562
array02,3,5632,-0.002149
array02,4,5374,-0.001199
array02,5,4743,-0.000272
array02,6,6072,-0.004886
array02,7,4566,-0.000738
array02,8,4160,-0.003904
array02,9,3906,0.003338
array02,10,4068,-0.001850
array02,11,4568,0.004352
array02,12,3748,-0.000599
array02,13,2708,-0.001997
array02,14,2559,-0.002182
array02,15,2878,-0.002502
array02,16,3808,0.010000
array02,17,3464,0.009505
array02,18,2495,-0.007602
array02,19,2887,0.009683
array02,20,2342,0.007141
array02,21,1294,0.003300
array02,1,6623,-0.004062
array03,22,4458,0.010134
array03,2,20414,-0.001261
array03,3,17800,-0.002547
array03,4,15779,-0.001864
array03,5,14941,-0.001618
array03,6,18388,-0.001615
array03,7,14544,-0.001117
array03,8,12994,-0.003453
array03,9,11717,-0.001100
array03,10,12827,-0.001410
array03,11,13791,0.000500
array03,12,12599,0.000968
array03,13,8629,-0.005673
array03,14,8814,-0.000425
array03,15,8455,-0.002859
array03,16,10505,0.004308
array03,17,10116,0.006093
array03,18,7430,0.000282
array03,19,9694,0.011301
array03,20,6722,0.005059
array03,21,3874,-0.001100
array03,1,21306,0.000545
array04,22,4082,0.012679
array04,2,15666,-0.001834
array04,3,13562,-0.002068
array04,4,12371,-0.004051
array04,5,11881,-0.002950
array04,6,14190,-0.000786
array04,7,11758,-0.000817
array04,8,9701,-0.002267
array04,9,9191,-0.001155
array04,10,10567,0.001480
array04,11,11417,0.001444
array04,12,10193,-0.002181
array04,13,7042,-0.005930
array04,14,7086,-0.000503
array04,15,6599,-0.001679
array04,16,8260,0.000758
array04,17,8505,0.005547
array04,18,5532,-0.002283
array04,19,8768,0.010269
array04,20,5675,0.004840
array04,21,3020,0.001001
array04,1,17252,0.001180
array05,22,1694,0.010868
array05,2,7310,-0.001794
array05,3,5758,-0.003947
array05,4,5518,-0.002234
array05,5,5281,-0.001787
array05,6,7197,-0.002096
array05,7,5043,-0.001143
array05,8,4847,0.001444
array05,9,4189,0.001838
array05,10,4599,-0.001614
array05,11,4603,0.001011
array05,12,4377,-0.003043
array05,13,3125,0.000103
array05,14,3111,0.000293
array05,15,2959,0.000019
array05,16,3848,0.005555
array05,17,478,0.046157
array05,18,2621,-0.005446
array05,19,2947,0.002360
array05,20,2553,0.005928
array05,21,1420,0.005623
array05,1,6952,-0.000026
array06,22,2154,0.000790
array06,2,10156,-0.000244
array06,3,8518,-0.000784
array06,4,7877,-0.000692
array06,5,7462,-0.000674
array06,6,9962,0.000787
array06,7,6942,-0.000425
array06,8,6535,0.000035
array06,9,5854,-0.000427
array06,10,6257,0.000171
array06,11,6409,-0.000671
array06,12,6210,-0.000191
array06,13,4380,-0.000505
array06,14,4020,-0.000295
array06,15,4043,0.000966
array06,16,4656,0.000345
array06,17,4496,0.001365
array06,18,3984,-0.000891
array06,19,3877,0.003004
array06,20,3299,0.000232
array06,21,2065,-0.000441
array06,1,9848,0.000240
array07,22,4442,0.006163
array07,2,20464,-0.002912
array07,3,16624,-0.003899
array07,4,14397,-0.003210
array07,5,14943,-0.001560
array07,6,17659,0.000606
array07,7,14045,-0.002252
array07,8,11982,-0.002211
array07,9,11594,-0.003372
array07,10,12193,0.002952
array07,11,13429,0.001084
array07,12,12218,-0.000645
array07,13,8185,0.000100
array07,14,8385,0.000380
array07,15,7950,-0.000030
array07,16,9823,-0.000258
array07,17,10020,0.004113
array07,18,6925,-0.000723
array07,19,9801,0.009353
array07,20,6484,0.009092
array07,21,3766,0.003800
array07,1,20846,0.000412
array08,22,3655,0.011878
array08,2,16919,0.000649
array08,3,14313,-0.001339
array08,4,12839,-0.003464
array08,5,12144,-0.002981
array08,6,14542,-0.002738
array08,7,12035,0.000584
array08,8,10264,-0.001684
array08,9,9373,-0.000854
array08,10,10675,0.001043
array08,11,11560,-0.000034
array08,12,10130,-0.002154
array08,13,7402,-0.001221
array08,14,7266,-0.000334
array08,15,6912,-0.000572
array08,16,8041,0.001575
array08,17,8308,0.002246
array08,18,5979,0.000279
array08,19,8259,0.007810
array08,20,5480,0.006512
array08,21,3100,0.002863
array08,1,17592,-0.000687
array09,22,1739,0.017678
array09,2,5193,-0.003211
array09,3,3754,-0.008735
array09,4,3912,-0.005362
array09,5,3763,-0.003244
array09,6,4954,-0.001260
array09,7,3907,-0.001952
array09,8,3471,-0.004436
array09,9,2985,0.004549
array09,10,2638,-0.005938
array09,11,3850,0.005016
array09,12,3351,-0.005940
array09,13,2174,-0.004469
array09,14,2033,0.001288
array09,15,1724,-0.004493
array09,16,3337,0.012891
array09,17,2850,0.011158
array09,18,1834,-0.007530
array09,19,2823,0.016038
array09,20,2126,0.004323
array09,21,1037,0.007958
array09,1,4534,-0.004323
array10,22,1088,-0.012831
array10,2,2540,-0.030426
array10,3,1809,-0.034493
array10,4,1853,-0.038853
array10,5,1402,-0.036151
array10,6,9347,0.013258
array10,7,2012,-0.025353
array10,8,6848,0.012659
array10,9,7083,0.011382
array10,10,2007,-0.025820
array10,11,2817,-0.006032
array10,12,1567,-0.030780
array10,13,4873,0.011331
array10,14,1112,-0.033268
array10,15,889,-0.033145
array10,16,2563,-0.010746
array10,17,7092,0.009670
array10,18,3656,0.014886
array10,19,2517,-0.003033
array10,20,1038,-0.006317
array10,21,732,-0.022151
array10,1,11842,0.010905
array11,22,969,-0.010739
array11,2,13591,0.008005
array11,3,11157,0.006597
array11,4,1135,-0.035885
array11,5,1433,-0.035767
array11,6,1241,-0.043833
array11,7,9980,0.009710
array11,8,3371,-0.031028
array11,9,925,-0.022634
array11,10,236,-0.038131
array11,11,1500,-0.016381
array11,12,8530,0.005900
array11,13,5971,0.008084
array11,14,1168,-0.032341
array11,15,1716,-0.030329
array11,16,7108,0.006318
array11,17,7998,0.004808
array11,18,841,-0.036653
array11,19,497,-0.000357
array11,20,4556,0.008280
array11,21,602,-0.008815
array11,1,2346,-0.026639
array12,22,1491,0.007127
array12,2,5627,-0.001393
array12,3,4903,-0.006933
array12,4,4760,-0.003437
array12,5,4205,-0.001372
array12,6,4864,-0.005356
array12,7,4233,0.002950
array12,8,3081,-0.004014
array12,9,3003,-0.003318
array12,10,3340,0.004786
array12,11,4101,0.005589
array12,12,1699,-0.015504
array12,13,2843,-0.007262
array12,14,2269,-0.000640
array12,15,693,-0.021182
array12,16,3210,0.009110
array12,17,3496,0.009611
array12,18,899,-0.024312
array12,19,2871,0.016440
array12,20,2105,0.009120
array12,21,1294,0.008172
array12,1,5674,-0.000216
array13,22,2211,0.014347
array13,2,6065,-0.006539
array13,3,4846,-0.007229
array13,4,4102,-0.001604
array13,5,4171,-0.001761
array13,6,5638,-0.008457
array13,7,4564,0.002259
array13,8,3713,-0.001256
array13,9,3825,0.003463
array13,10,3949,-0.004307
array13,11,4463,0.003431
array13,12,3572,-0.005248
array13,13,2648,-0.002814
array13,14,2568,0.000420
array13,15,2393,-0.002187
array13,16,4311,0.004338
array13,17,4029,0.011207
array13,18,2009,-0.009014
array13,19,4177,0.014604
array13,20,2416,0.006366
array13,21,1530,0.001439
array13,1,6239,-0.002356
array14,22,1274,0.008994
array14,2,4295,-0.006244
array14,3,3639,-0.013124
array14,4,3355,-0.005125
array14,5,3284,-0.003809
array14,6,3929,-0.004303
array14,7,3433,-0.000046
array14,8,2836,0.000832
array14,9,2785,0.001514
array14,10,2736,-0.000861
array14,11,3418,0.005073
array14,12,2543,-0.002302
array14,13,1924,0.000622
array14,14,1915,0.003074
array14,15,1758,-0.002480
array14,16,2814,0.013461
array14,17,2458,0.010502
array14,18,1647,-0.007951
array14,19,2395,0.013001
array14,20,1761,0.007169
array14,21,962,0.007329
array14,1,4477,0.000524
array15,22,1512,0.010588
array15,2,4343,-0.005078
array15,3,3290,-0.010524
array15,4,3562,-0.002939
array15,5,3221,-0.005804
array15,6,4607,-0.003204
array15,7,3346,-0.000096
array15,8,2904,0.000322
array15,9,2353,0.002970
array15,10,1771,-0.002212
array15,11,3212,0.003632
array15,12,2692,-0.008365
array15,13,2182,-0.010405
array15,14,1785,-0.008990
array15,15,1019,0.000796
array15,16,2791,0.010656
array15,17,2304,0.006618
array15,18,1674,-0.006554
array15,19,2692,0.012511
array15,20,1852,0.005309
array15,21,499,0.014678
array15,1,3329,0.017917
array16,22,2428,0.022726
array16,2,7778,0.002100
array16,3,4076,-0.013071
array16,4,3767,-0.012658
array16,5,5426,-0.000073
array16,6,4577,-0.009693
array16,7,6153,0.000777
array16,8,1691,-0.004337
array16,9,2160,-0.001423
array16,10,3519,-0.003420
array16,11,4691,0.002567
array16,12,1649,-0.014038
array16,13,3298,-0.000561
array16,14,2504,-0.012680
array16,15,1148,-0.011042
array16,16,3641,0.009866
array16,17,5153,0.009756
array16,18,917,-0.018139
array16,19,3107,0.018860
array16,20,2333,0.006669
array16,21,1258,0.000243
array16,1,3325,0.004590
array17,22,1345,0.011622
array17,2,4388,-0.007314
array17,3,3713,-0.006257
array17,4,3728,-0.005295
array17,5,3383,-0.000568
array17,6,4056,-0.004903
array17,7,3333,0.001811
array17,8,3119,-0.004410
array17,9,2976,0.007109
array17,10,2555,-0.002896
array17,11,3043,0.002306
array17,12,2458,-0.001647
array17,13,1902,-0.007738
array17,14,1970,-0.004735
array17,15,1671,-0.002723
array17,16,3044,0.009385
array17,17,2255,0.003862
array17,18,1699,-0.000173
array17,19,2252,0.014932
array17,20,1524,0.006292
array17,21,1021,0.007677
array17,1,4437,0.002563
array18,22,920,0.006517
array18,2,3641,-0.002173
array18,3,2993,-0.006943
array18,4,3231,-0.003206
array18,5,2901,-0.000310
array18,6,3670,-0.002983
array18,7,2854,0.000450
array18,8,2345,0.003623
array18,9,2711,0.004873
array18,10,2599,-0.002462
array18,11,2599,-0.003780
array18,12,2597,-0.005250
array18,13,1563,-0.001435
array18,14,1350,0.007924
array18,15,1567,-0.006314
array18,16,2651,0.009743
array18,17,1842,0.002959
array18,18,1431,-0.001238
array18,19,1873,0.008576
array18,20,1351,0.003540
array18,21,962,-0.000310
array18,1,3782,0.001476
array19,22,1306,0.021425
array19,2,3883,-0.004174
array19,3,3166,-0.007621
array19,4,3424,-0.010582
array19,5,2926,-0.016769
array19,6,3325,-0.011291
array19,7,3532,0.000298
array19,8,2701,-0.002314
array19,9,2751,0.006751
array19,10,2633,-0.005865
array19,11,3236,0.005666
array19,12,2576,-0.010287
array19,13,2144,-0.012228
array19,14,2011,0.001073
array19,15,1617,-0.003361
array19,16,3698,0.018578
array19,17,2896,0.011382
array19,18,1448,-0.005919
array19,19,2807,0.013437
array19,20,1673,0.013056
array19,21,878,0.013899
array19,1,4482,0.003150
array20,22,1118,0.005002
array20,2,3778,-0.002244
array20,3,3306,-0.005354
array20,4,2886,-0.006046
array20,5,3024,-0.004175
array20,6,3594,-0.004732
array20,7,2631,-0.000701
array20,8,2589,0.001539
array20,9,2251,-0.004508
array20,10,2228,-0.001027
array20,11,2564,0.008118
array20,12,2193,-0.000387
array20,13,1770,-0.012742
array20,14,1615,-0.001588
array20,15,1387,-0.003185
array20,16,2247,0.014571
array20,17,1932,0.005968
array20,18,1375,-0.004204
array20,19,2127,0.012811
array20,20,1511,0.005529
array20,21,822,0.000031
array20,1,3703,0.003460
array21,22,1440,0.011828
array21,2,4599,0.000281
array21,3,4280,-0.007435
array21,4,4773,-0.003817
array21,5,4470,-0.004937
array21,6,2647,-0.006402
array21,7,4224,-0.000653
array21,8,4047,-0.000147
array21,9,3915,0.004444
array21,10,1947,-0.001789
array21,11,3225,0.009599
array21,12,1850,0.000955
array21,13,1628,-0.004258
array21,14,1555,-0.004596
array21,15,1230,-0.013988
array21,16,3758,0.010524
array21,17,2518,0.005656
array21,18,2447,-0.008478
array21,19,2558,0.010802
array21,20,1340,0.010731
array21,21,1278,-0.001664
array21,1,4088,-0.000840
array22,22,887,-0.002006
array22,2,2971,-0.001581
array22,3,2538,-0.011860
array22,4,2891,-0.002252
array22,5,1476,-0.000290
array22,6,3087,-0.011124
array22,7,2753,0.004105
array22,8,2260,-0.000274
array22,9,2079,-0.006333
array22,10,2075,-0.010382
array22,11,2137,0.005295
array22,12,2093,-0.004367
array22,13,1485,-0.004438
array22,14,1397,0.008432
array22,15,2021,-0.005076
array22,16,2011,0.015538
array22,17,2014,0.000559
array22,18,1236,-0.008700
array22,19,2292,0.022176
array22,20,1353,0.023917
array22,21,512,0.002136
array22,1,3654,0.000326
array23,22,867,0.007878
array23,2,3674,-0.000919
array23,3,2240,-0.008946
array23,4,2376,-0.007279
array23,5,2717,-0.003131
array23,6,2561,-0.011706
array23,7,2667,-0.001037
array23,8,2001,-0.003582
array23,9,2373,-0.000725
array23,10,1884,-0.005676
array23,11,3069,0.012774
array23,12,1551,-0.009387
array23,13,1392,-0.010738
array23,14,1381,0.004772
array23,15,1118,-0.010080
array23,16,2241,0.010054
array23,17,2341,0.012764
array23,18,1144,-0.004070
array23,19,1686,0.015302
array23,20,1277,0.020071
array23,21,711,0.006764
array23,1,2942,-0.003912
array24,22,1255,0.017215
array24,2,4046,-0.005214
array24,3,3418,-0.004670
array24,4,3064,-0.006368
array24,5,2704,-0.000875
array24,6,3629,-0.005309
array24,7,3133,0.000870
array24,8,2580,0.002524
array24,9,2544,0.002877
array24,10,2990,-0.009684
array24,11,2975,0.005896
array24,12,2505,-0.006373
array24,13,1502,-0.002862
array24,14,1689,0.002401
array24,15,1960,-0.006096
array24,16,2582,0.012169
array24,17,1873,0.005356
array24,18,1667,-0.005898
array24,19,2185,0.013596
array24,20,1318,0.012547
array24,21,875,-0.000186
array24,1,3829,-0.001194
array25,22,647,0.002355
array25,2,3443,-0.006211
array25,3,2938,-0.011338
array25,4,3051,-0.009303
array25,5,2588,-0.006606
array25,6,3105,-0.005825
array25,7,2759,0.002014
array25,8,2183,0.000290
array25,9,2034,0.000426
array25,10,1985,-0.009729
array25,11,2673,0.001966
array25,12,2055,-0.008603
array25,13,1639,-0.013429
array25,14,1427,-0.010548
array25,15,1362,-0.010367
array25,16,4463,0.042103
array25,17,2362,0.009978
array25,18,1355,-0.017043
array25,19,1517,0.002772
array25,20,1318,0.008145
array25,21,851,0.001597
array25,1,3473,-0.003923
array26,22,1363,0.003817
array26,2,3385,-0.002945
array26,3,3192,-0.010933
array26,4,2775,0.000040
array26,5,2790,-0.004675
array26,6,4144,-0.007566
array26,7,3502,-0.001297
array26,8,2320,-0.000235
array26,9,2212,0.007114
array26,10,2788,-0.000821
array26,11,2693,0.010041
array26,12,2397,-0.005517
array26,13,1545,-0.013167
array26,14,1590,-0.002065
array26,15,1760,-0.000159
array26,16,2375,0.013654
array26,17,1879,0.000201
array26,18,1596,-0.001013
array26,19,1808,0.007525
array26,20,1286,0.010989
array26,21,945,-0.001419
array26,1,2684,0.007995
array27,22,1146,0.017022
array27,2,3318,-0.007719
array27,3,2481,-0.006573
array27,4,2516,-0.003414
array27,5,2525,-0.001565
array27,6,3005,-0.005811
array27,7,2662,-0.004597
array27,8,2201,-0.001644
array27,9,2380,0.004171
array27,10,2129,0.001697
array27,11,2667,0.007447
array27,12,1779,-0.003018
array27,13,1301,-0.007617
array27,14,1457,-0.002600
array27,15,1324,-0.009335
array27,16,2323,0.010803
array27,17,2054,0.010953
array27,18,1223,-0.009855
array27,19,2327,0.015948
array27,20,1298,0.012234
array27,21,733,0.003696
array27,1,3487,-0.006898
array28,22,1017,0.013277
array28,2,3563,-0.003028
array28,3,2632,-0.005166
array28,4,3160,-0.006346
array28,5,2589,-0.002502
array28,6,3432,-0.006470
array28,7,2606,-0.008097
array28,8,2032,-0.002741
array28,9,1858,-0.004213
array28,10,2013,0.004870
array28,11,2349,-0.002960
array28,12,1999,-0.007792
array28,13,1523,-0.008663
array28,14,1451,-0.010895
array28,15,1375,-0.006972
array28,16,3831,0.036032
array28,17,1546,0.003468
array28,18,1362,-0.005007
array28,19,1256,0.007841
array28,20,1324,0.003375
array28,21,757,0.004733
array28,1,3701,-0.002919
array29,22,1020,0.013491
array29,2,4236,-0.002730
array29,3,2979,-0.011920
array29,4,3705,-0.004652
array29,5,3128,-0.004122
array29,6,3216,-0.009361
array29,7,2985,-0.001531
array29,8,2482,-0.003864
array29,9,2686,0.004950
array29,10,2724,-0.003632
array29,11,2685,0.000148
array29,12,2137,-0.005821
array29,13,2210,-0.014245
array29,14,1734,-0.002713
array29,15,1410,-0.003514
array29,16,4570,0.029589
array29,17,1641,0.007077
array29,18,1640,-0.005937
array29,19,1511,0.007623
array29,20,1584,0.006374
array29,21,891,0.012968
array29,1,4102,-0.000733
array30,22,1155,0.007294
array30,2,2968,-0.007266
array30,3,2436,-0.007573
array30,4,2567,-0.004349
array30,5,2459,-0.003927
array30,6,2849,-0.009822
array30,7,2444,0.000775
array30,8,2044,0.000143
array30,9,2089,0.008547
array30,10,1893,0.000628
array30,11,2513,-0.002006
array30,12,1695,-0.000666
array30,13,1344,-0.004757
array30,14,1511,-0.002484
array30,15,1333,-0.000718
array30,16,2361,0.017939
array30,17,2149,0.004630
array30,18,1092,-0.014235
array30,19,2369,0.007061
array30,20,1325,0.018876
array30,21,839,0.017500
array30,1,3334,-0.003247
array31,22,789,0.007605
array31,2,2823,-0.006791
array31,3,2198,-0.014825
array31,4,2299,-0.009300
array31,5,2529,-0.006155
array31,6,2173,-0.015730
array31,7,2241,-0.003204
array31,8,1586,0.000187
array31,9,1755,-0.001449
array31,10,1827,0.001282
array31,11,2311,0.021155
array31,12,2004,-0.001683
array31,13,1250,-0.013675
array31,14,1287,-0.003345
array31,15,1180,-0.000475
array31,16,2322,0.021580
array31,17,1664,0.011982
array31,18,934,-0.001064
array31,19,1826,0.019018
array31,20,1174,0.019763
array31,21,630,0.000355
array31,1,2779,-0.009466
array32,22,743,0.009362
array32,2,2900,-0.012210
array32,3,2549,-0.007740
array32,4,2557,0.002500
array32,5,2036,-0.007180
array32,6,2591,-0.000341
array32,7,2360,-0.000760
array32,8,1954,0.001509
array32,9,1929,0.009582
array32,10,1654,-0.002739
array32,11,1898,0.005104
array32,12,1421,0.001631
array32,13,1397,-0.009864
array32,14,1330,-0.002264
array32,15,1092,-0.008797
array32,16,1636,0.013143
array32,17,1513,-0.003433
array32,18,1210,-0.003324
array32,19,1408,0.012246
array32,20,1070,0.005591
array32,21,758,0.012589
array32,1,2910,0.000807
array33,22,579,0.021486
array33,2,1683,-0.005486
array33,3,1069,-0.020707
array33,4,1349,-0.004072
array33,5,1129,-0.012274
array33,6,1206,-0.015976
array33,7,1694,0.002058
array33,8,970,-0.004527
array33,9,1370,0.010430
array33,10,1023,-0.008794
array33,11,1401,0.008779
array33,12,1030,-0.010971
array33,13,606,-0.026466
array33,14,698,-0.014669
array33,15,547,-0.016857
array33,16,1775,0.014404
array33,17,1325,0.012530
array33,18,425,-0.012256
array33,19,1568,0.013790
array33,20,865,0.016314
array33,21,386,0.002302
array33,1,1833,0.006862
array34,22,228,0.014527
array34,2,853,-0.016029
array34,3,770,-0.012910
array34,4,1189,-0.015446
array34,5,782,-0.015252
array34,6,713,-0.015050
array34,7,1004,-0.011546
array34,8,522,-0.004121
array34,9,685,0.015982
array34,10,418,-0.004461
array34,11,849,0.015976
array34,12,489,-0.015928
array34,13,785,-0.024462
array34,14,485,0.004849
array34,15,299,-0.004841
array34,16,935,0.042904
array34,17,608,0.013005
array34,18,337,-0.027498
array34,19,605,0.027268
array34,20,490,0.027299
array34,21,320,0.019568
array34,1,919,0.007606
array35,22,285,-0.000288
array35,2,580,-0.028659
array35,3,423,-0.025866
array35,4,548,-0.028484
array35,5,428,0.003552
array35,6,496,-0.026530
array35,7,826,-0.006080
array35,8,499,-0.000869
array35,9,586,0.015038
array35,10,301,-0.002872
array35,11,785,0.012491
array35,12,350,-0.019785
array35,14,289,-0.012363
array35,15,298,0.007490
array35,16,844,0.029752
array35,17,611,0.009549
array35,18,217,-0.028560
array35,19,1165,0.006973
array35,20,460,0.013335
array35,21,262,0.014658
array35,1,1081,0.008346
