cell	chr	start_bp	end_bp	span_Mb	het_frac	cohort_het	z	his_allele_frac	call
14801-02	1	155002605	159992494	4.990	0.1429	0.3908	3.9	0.009	PATERNAL copy missing
14801-02	7	41892	4986028	4.944	0.1859	0.4486	4.1	0.000	PATERNAL copy missing
14801-02	8	140000670	144999731	4.999	0.1535	0.4617	3.7	0.005	PATERNAL copy missing
14801-02	11	70001534	74997656	4.996	0.0918	0.3778	4.5	0.000	PATERNAL copy missing
14801-02	12	130000106	133831319	3.831	0.1467	0.4134	4.4	0.000	PATERNAL copy missing
14801-02	18	70001560	74996585	4.995	0.1008	0.3823	4.7	0.000	PATERNAL copy missing
14801-02	19	110783	4976335	4.866	0.1222	0.4304	4.1	0.000	PATERNAL copy missing
14801-02	20	60001289	62960292	2.959	0.2075	0.4805	4.3	0.000	PATERNAL copy missing
14801-16	1	155002605	159992494	4.990	0.1200	0.3908	4.2	0.218	PATERNAL copy missing
