cell	chr	start_bp	end_bp	span_Mb	het_frac	score	p	his_allele_frac	call
14801-01	12	15000276	99996970	84.997	0.2175	5.6	0.0100	0.045	PATERNAL copy missing
14801-01	22	30000094	51224208	21.224	0.2175	3.5	0.0100	0.058	PATERNAL copy missing
14801-03	9	16967	134999140	134.982	0.1831	17.7	0.0025	0.408	uniparental, parent unresolved
14801-03	15	25004009	102397317	77.393	0.1934	12.6	0.0050	0.454	uniparental, parent unresolved
14801-04	9	16967	139996195	139.979	0.1833	17.5	0.0025	0.091	PATERNAL copy missing
14801-06	9	16967	139996195	139.979	0.1893	23.9	0.0025	0.099	PATERNAL copy missing
14801-06	15	25004009	102397317	77.393	0.1521	18.3	0.0050	0.049	PATERNAL copy missing
14801-07	15	55007618	102397317	47.390	0.2452	4.6	0.0025	0.050	PATERNAL copy missing
14801-12	21	15009484	44999301	29.990	0.1812	5.0	0.0075	0.026	PATERNAL copy missing
14801-16	2	50006207	214998740	164.993	0.1713	15.8	0.0100	0.263	PATERNAL copy missing
14801-16	5	85013271	164994297	79.981	0.1237	14.6	0.0050	0.265	PATERNAL copy missing
14801-16	15	25004009	74994416	49.990	0.1268	11.3	0.0025	0.295	PATERNAL copy missing
14801-24	4	80001297	124985402	44.984	0.2417	3.2	0.0050	0.387	PATERNAL copy missing
14801-24	5	115008065	179999060	64.991	0.1880	5.0	0.0025	0.382	PATERNAL copy missing
14801-25	5	120008082	179999060	59.991	0.2335	2.3	0.0025	0.216	PATERNAL copy missing
14801-28	6	35001136	49993869	14.993	0.2075	1.4	0.0075	0.182	PATERNAL copy missing
14801-29	10	93190	84989007	84.896	0.2104	4.1	0.0025	0.320	PATERNAL copy missing
14801-29	11	95011374	134945120	39.934	0.2147	4.2	0.0025	0.369	PATERNAL copy missing
14801-30	4	59350	189999620	189.940	0.1343	41.2	0.0025	0.259	PATERNAL copy missing
14801-33	7	70002800	79998512	9.996	0.2342	1.0	0.0050	0.315	PATERNAL copy missing
14801-39	3	55000023	129977006	74.977	0.1480	12.5	0.0050	0.284	PATERNAL copy missing
14801-39	9	25000304	104999803	79.999	0.1445	12.2	0.0100	0.310	PATERNAL copy missing
14801-39	17	10001501	79998444	69.997	0.2100	7.4	0.0100	0.278	PATERNAL copy missing
14801-39	18	10006072	59972043	49.966	0.1220	8.9	0.0050	0.363	PATERNAL copy missing
14801-39	20	10003358	59996632	49.993	0.1858	7.6	0.0100	0.262	PATERNAL copy missing
